{
  "model/json/Employees.json": 1623265754930,
  "controller/MasterEmployee.controller.js": 1623237148003,
  "i18n/i18n.properties": 1623263142153,
  "model/json/Countries.json": 1623265752915,
  "manifest.json": 1623266567437,
  "model/models.js": 1623207177428,
  "model/formatter.js": 1623207177424,
  "controller/OrderDetails.controller.js": 1623207177340,
  "model/json/Layout.json": 1623265756756,
  "controller/Main.controller.js": 1623266223376,
  "controller/EmployeeDetails.controller.js": 1623207177296,
  "controller/Base.controller.js": 1623207177288,
  "controller/App.controller.js": 1623207177284,
  "control/Signature.js": 1623207177524,
  "Component.js": 1623207177464,
  "manifest-bundle.zip": 1623266566769,
  "Component-preload.js": 1623266567280,
  "controller/MasterEmployee-dbg.controller.js": 1623237148003,
  "model/formatter-dbg.js": 1623207177424,
  "controller/OrderDetails-dbg.controller.js": 1623207177340,
  "model/models-dbg.js": 1623207177428,
  "controller/Main-dbg.controller.js": 1623266223376,
  "controller/EmployeeDetails-dbg.controller.js": 1623207177296,
  "controller/Base-dbg.controller.js": 1623207177288,
  "controller/App-dbg.controller.js": 1623207177284,
  "control/Signature-dbg.js": 1623207177524,
  "Component-dbg.js": 1623207177464,
  "resources.json": 1623266567441,
  "view/OrderDetails.view.xml": 1623207177464,
  "view/MasterEmployee.view.xml": 1623207177464,
  "view/Main.view.xml": 1623207177456,
  "view/EmployeeDetails.view.xml": 1623207177452,
  "view/App.view.xml": 1623207177436,
  "fragment/TableOrders.fragment.xml": 1623237284765,
  "fragment/TableEmployee.fragment.xml": 1623207177356,
  "fragment/NewIncidence.fragment.xml": 1623207177356,
  "fragment/DialogOrders.fragment.xml": 1623207177352,
  "css/style.css": 1623207177348,
  "index.html": 1623263266073
}